{
    "negative": {
        "precision": 0.8152985074626866,
        "recall": 0.8198874296435272,
        "f1-score": 0.8175865294667914,
        "support": 533.0
    },
    "positive": {
        "precision": 0.8188679245283019,
        "recall": 0.8142589118198874,
        "f1-score": 0.8165569143932268,
        "support": 533.0
    },
    "accuracy": 0.8170731707317073,
    "macro avg": {
        "precision": 0.8170832159954943,
        "recall": 0.8170731707317074,
        "f1-score": 0.8170717219300091,
        "support": 1066.0
    },
    "weighted avg": {
        "precision": 0.8170832159954943,
        "recall": 0.8170731707317073,
        "f1-score": 0.8170717219300091,
        "support": 1066.0
    }
}