{
    "negative": {
        "precision": 0.8036036036036036,
        "recall": 0.8367729831144465,
        "f1-score": 0.8198529411764706,
        "support": 533.0
    },
    "positive": {
        "precision": 0.8297455968688845,
        "recall": 0.7954971857410882,
        "f1-score": 0.8122605363984674,
        "support": 533.0
    },
    "accuracy": 0.8161350844277674,
    "macro avg": {
        "precision": 0.816674600236244,
        "recall": 0.8161350844277673,
        "f1-score": 0.816056738787469,
        "support": 1066.0
    },
    "weighted avg": {
        "precision": 0.8166746002362442,
        "recall": 0.8161350844277674,
        "f1-score": 0.816056738787469,
        "support": 1066.0
    }
}