{
    "negative": {
        "precision": 0.9444444444444444,
        "recall": 0.574108818011257,
        "f1-score": 0.7141190198366394,
        "support": 533.0
    },
    "positive": {
        "precision": 0.6940700808625337,
        "recall": 0.9662288930581614,
        "f1-score": 0.807843137254902,
        "support": 533.0
    },
    "accuracy": 0.7701688555347092,
    "macro avg": {
        "precision": 0.8192572626534891,
        "recall": 0.7701688555347093,
        "f1-score": 0.7609810785457707,
        "support": 1066.0
    },
    "weighted avg": {
        "precision": 0.8192572626534891,
        "recall": 0.7701688555347092,
        "f1-score": 0.7609810785457707,
        "support": 1066.0
    }
}