{
    "negative": {
        "precision": 0.9035812672176309,
        "recall": 0.6153846153846154,
        "f1-score": 0.7321428571428571,
        "support": 533.0
    },
    "positive": {
        "precision": 0.7083926031294452,
        "recall": 0.9343339587242027,
        "f1-score": 0.8058252427184466,
        "support": 533.0
    },
    "accuracy": 0.774859287054409,
    "macro avg": {
        "precision": 0.805986935173538,
        "recall": 0.7748592870544091,
        "f1-score": 0.7689840499306518,
        "support": 1066.0
    },
    "weighted avg": {
        "precision": 0.805986935173538,
        "recall": 0.774859287054409,
        "f1-score": 0.7689840499306518,
        "support": 1066.0
    }
}