{
    "negative": {
        "precision": 0.9159420289855073,
        "recall": 0.5928705440900562,
        "f1-score": 0.7198177676537585,
        "support": 533.0
    },
    "positive": {
        "precision": 0.6990291262135923,
        "recall": 0.9455909943714822,
        "f1-score": 0.8038277511961722,
        "support": 533.0
    },
    "accuracy": 0.7692307692307693,
    "macro avg": {
        "precision": 0.8074855775995498,
        "recall": 0.7692307692307692,
        "f1-score": 0.7618227594249654,
        "support": 1066.0
    },
    "weighted avg": {
        "precision": 0.8074855775995498,
        "recall": 0.7692307692307693,
        "f1-score": 0.7618227594249654,
        "support": 1066.0
    }
}