{
    "negative": {
        "precision": 0.9285714285714286,
        "recall": 0.5609756097560976,
        "f1-score": 0.6994152046783626,
        "support": 533.0
    },
    "positive": {
        "precision": 0.6854838709677419,
        "recall": 0.9568480300187617,
        "f1-score": 0.7987470634299139,
        "support": 533.0
    },
    "accuracy": 0.7589118198874296,
    "macro avg": {
        "precision": 0.8070276497695852,
        "recall": 0.7589118198874296,
        "f1-score": 0.7490811340541382,
        "support": 1066.0
    },
    "weighted avg": {
        "precision": 0.8070276497695853,
        "recall": 0.7589118198874296,
        "f1-score": 0.7490811340541382,
        "support": 1066.0
    }
}