{
    "negative": {
        "precision": 0.9247648902821317,
        "recall": 0.5534709193245778,
        "f1-score": 0.6924882629107981,
        "support": 533.0
    },
    "positive": {
        "precision": 0.6813922356091031,
        "recall": 0.9549718574108818,
        "f1-score": 0.7953125,
        "support": 533.0
    },
    "accuracy": 0.7542213883677298,
    "macro avg": {
        "precision": 0.8030785629456174,
        "recall": 0.7542213883677298,
        "f1-score": 0.743900381455399,
        "support": 1066.0
    },
    "weighted avg": {
        "precision": 0.8030785629456174,
        "recall": 0.7542213883677298,
        "f1-score": 0.743900381455399,
        "support": 1066.0
    }
}