{
    "negative": {
        "precision": 0.8992042440318302,
        "recall": 0.6360225140712945,
        "f1-score": 0.7450549450549451,
        "support": 533.0
    },
    "positive": {
        "precision": 0.7184325108853411,
        "recall": 0.9287054409005628,
        "f1-score": 0.8101472995090017,
        "support": 533.0
    },
    "accuracy": 0.7823639774859287,
    "macro avg": {
        "precision": 0.8088183774585856,
        "recall": 0.7823639774859287,
        "f1-score": 0.7776011222819734,
        "support": 1066.0
    },
    "weighted avg": {
        "precision": 0.8088183774585856,
        "recall": 0.7823639774859287,
        "f1-score": 0.7776011222819734,
        "support": 1066.0
    }
}