{
    "negative": {
        "precision": 0.8896396396396397,
        "recall": 0.7410881801125704,
        "f1-score": 0.8085977482088025,
        "support": 533.0
    },
    "positive": {
        "precision": 0.7781350482315113,
        "recall": 0.9080675422138836,
        "f1-score": 0.8380952380952381,
        "support": 533.0
    },
    "accuracy": 0.8245778611632271,
    "macro avg": {
        "precision": 0.8338873439355754,
        "recall": 0.8245778611632271,
        "f1-score": 0.8233464931520202,
        "support": 1066.0
    },
    "weighted avg": {
        "precision": 0.8338873439355754,
        "recall": 0.8245778611632271,
        "f1-score": 0.8233464931520204,
        "support": 1066.0
    }
}