{
    "negative": {
        "precision": 0.8357933579335793,
        "recall": 0.849906191369606,
        "f1-score": 0.8427906976744186,
        "support": 533.0
    },
    "positive": {
        "precision": 0.8473282442748091,
        "recall": 0.8330206378986866,
        "f1-score": 0.8401135288552507,
        "support": 533.0
    },
    "accuracy": 0.8414634146341463,
    "macro avg": {
        "precision": 0.8415608011041942,
        "recall": 0.8414634146341463,
        "f1-score": 0.8414521132648347,
        "support": 1066.0
    },
    "weighted avg": {
        "precision": 0.8415608011041942,
        "recall": 0.8414634146341463,
        "f1-score": 0.8414521132648347,
        "support": 1066.0
    }
}