{
    "negative": {
        "precision": 0.7574850299401198,
        "recall": 0.949343339587242,
        "f1-score": 0.8426311407160699,
        "support": 533.0
    },
    "positive": {
        "precision": 0.9321608040201005,
        "recall": 0.6960600375234521,
        "f1-score": 0.7969924812030075,
        "support": 533.0
    },
    "accuracy": 0.8227016885553471,
    "macro avg": {
        "precision": 0.8448229169801101,
        "recall": 0.8227016885553471,
        "f1-score": 0.8198118109595387,
        "support": 1066.0
    },
    "weighted avg": {
        "precision": 0.8448229169801101,
        "recall": 0.8227016885553471,
        "f1-score": 0.8198118109595387,
        "support": 1066.0
    }
}