{
    "negative": {
        "precision": 0.7614678899082569,
        "recall": 0.9343339587242027,
        "f1-score": 0.8390901432181971,
        "support": 533.0
    },
    "positive": {
        "precision": 0.9150485436893204,
        "recall": 0.7073170731707317,
        "f1-score": 0.7978835978835979,
        "support": 533.0
    },
    "accuracy": 0.8208255159474672,
    "macro avg": {
        "precision": 0.8382582167987886,
        "recall": 0.8208255159474671,
        "f1-score": 0.8184868705508974,
        "support": 1066.0
    },
    "weighted avg": {
        "precision": 0.8382582167987886,
        "recall": 0.8208255159474672,
        "f1-score": 0.8184868705508974,
        "support": 1066.0
    }
}