{
    "negative": {
        "precision": 0.749266862170088,
        "recall": 0.9587242026266416,
        "f1-score": 0.8411522633744856,
        "support": 533.0
    },
    "positive": {
        "precision": 0.9427083333333334,
        "recall": 0.6791744840525328,
        "f1-score": 0.7895310796074155,
        "support": 533.0
    },
    "accuracy": 0.8189493433395872,
    "macro avg": {
        "precision": 0.8459875977517106,
        "recall": 0.8189493433395871,
        "f1-score": 0.8153416714909505,
        "support": 1066.0
    },
    "weighted avg": {
        "precision": 0.8459875977517106,
        "recall": 0.8189493433395871,
        "f1-score": 0.8153416714909506,
        "support": 1066.0
    }
}