{
    "negative": {
        "precision": 0.7045769764216366,
        "recall": 0.9530956848030019,
        "f1-score": 0.810207336523126,
        "support": 533.0
    },
    "positive": {
        "precision": 0.927536231884058,
        "recall": 0.600375234521576,
        "f1-score": 0.7289293849658315,
        "support": 533.0
    },
    "accuracy": 0.776735459662289,
    "macro avg": {
        "precision": 0.8160566041528473,
        "recall": 0.776735459662289,
        "f1-score": 0.7695683607444788,
        "support": 1066.0
    },
    "weighted avg": {
        "precision": 0.8160566041528472,
        "recall": 0.776735459662289,
        "f1-score": 0.7695683607444789,
        "support": 1066.0
    }
}