{
    "negative": {
        "precision": 0.8352941176470589,
        "recall": 0.799249530956848,
        "f1-score": 0.8168744007670182,
        "support": 533.0
    },
    "positive": {
        "precision": 0.8075539568345323,
        "recall": 0.8424015009380863,
        "f1-score": 0.8246097337006428,
        "support": 533.0
    },
    "accuracy": 0.8208255159474672,
    "macro avg": {
        "precision": 0.8214240372407956,
        "recall": 0.8208255159474671,
        "f1-score": 0.8207420672338306,
        "support": 1066.0
    },
    "weighted avg": {
        "precision": 0.8214240372407956,
        "recall": 0.8208255159474672,
        "f1-score": 0.8207420672338305,
        "support": 1066.0
    }
}