{
    "negative": {
        "precision": 0.7405247813411079,
        "recall": 0.9530956848030019,
        "f1-score": 0.8334700574241182,
        "support": 533.0
    },
    "positive": {
        "precision": 0.9342105263157895,
        "recall": 0.6660412757973734,
        "f1-score": 0.7776560788608982,
        "support": 533.0
    },
    "accuracy": 0.8095684803001876,
    "macro avg": {
        "precision": 0.8373676538284487,
        "recall": 0.8095684803001877,
        "f1-score": 0.8055630681425081,
        "support": 1066.0
    },
    "weighted avg": {
        "precision": 0.8373676538284487,
        "recall": 0.8095684803001876,
        "f1-score": 0.8055630681425082,
        "support": 1066.0
    }
}