{
    "negative": {
        "precision": 0.709366391184573,
        "recall": 0.9662288930581614,
        "f1-score": 0.818109610802224,
        "support": 533.0
    },
    "positive": {
        "precision": 0.9470588235294117,
        "recall": 0.6041275797373359,
        "f1-score": 0.7376861397479955,
        "support": 533.0
    },
    "accuracy": 0.7851782363977486,
    "macro avg": {
        "precision": 0.8282126073569924,
        "recall": 0.7851782363977486,
        "f1-score": 0.7778978752751098,
        "support": 1066.0
    },
    "weighted avg": {
        "precision": 0.8282126073569924,
        "recall": 0.7851782363977486,
        "f1-score": 0.7778978752751097,
        "support": 1066.0
    }
}