{
    "negative": {
        "precision": 0.7474150664697193,
        "recall": 0.949343339587242,
        "f1-score": 0.8363636363636363,
        "support": 533.0
    },
    "positive": {
        "precision": 0.9305912596401028,
        "recall": 0.6791744840525328,
        "f1-score": 0.7852494577006508,
        "support": 533.0
    },
    "accuracy": 0.8142589118198874,
    "macro avg": {
        "precision": 0.8390031630549111,
        "recall": 0.8142589118198874,
        "f1-score": 0.8108065470321435,
        "support": 1066.0
    },
    "weighted avg": {
        "precision": 0.8390031630549112,
        "recall": 0.8142589118198874,
        "f1-score": 0.8108065470321435,
        "support": 1066.0
    }
}