{
    "negative": {
        "precision": 0.786692759295499,
        "recall": 0.7542213883677298,
        "f1-score": 0.7701149425287356,
        "support": 533.0
    },
    "positive": {
        "precision": 0.7639639639639639,
        "recall": 0.7954971857410882,
        "f1-score": 0.7794117647058824,
        "support": 533.0
    },
    "accuracy": 0.774859287054409,
    "macro avg": {
        "precision": 0.7753283616297315,
        "recall": 0.774859287054409,
        "f1-score": 0.774763353617309,
        "support": 1066.0
    },
    "weighted avg": {
        "precision": 0.7753283616297315,
        "recall": 0.774859287054409,
        "f1-score": 0.774763353617309,
        "support": 1066.0
    }
}