{
    "negative": {
        "precision": 0.7934560327198364,
        "recall": 0.7279549718574109,
        "f1-score": 0.7592954990215264,
        "support": 533.0
    },
    "positive": {
        "precision": 0.7487001733102253,
        "recall": 0.8105065666041276,
        "f1-score": 0.7783783783783784,
        "support": 533.0
    },
    "accuracy": 0.7692307692307693,
    "macro avg": {
        "precision": 0.7710781030150309,
        "recall": 0.7692307692307692,
        "f1-score": 0.7688369386999524,
        "support": 1066.0
    },
    "weighted avg": {
        "precision": 0.7710781030150309,
        "recall": 0.7692307692307693,
        "f1-score": 0.7688369386999524,
        "support": 1066.0
    }
}