{
    "negative": {
        "precision": 0.8385542168674699,
        "recall": 0.6529080675422139,
        "f1-score": 0.7341772151898734,
        "support": 533.0
    },
    "positive": {
        "precision": 0.7158218125960062,
        "recall": 0.874296435272045,
        "f1-score": 0.7871621621621622,
        "support": 533.0
    },
    "accuracy": 0.7636022514071295,
    "macro avg": {
        "precision": 0.777188014731738,
        "recall": 0.7636022514071295,
        "f1-score": 0.7606696886760178,
        "support": 1066.0
    },
    "weighted avg": {
        "precision": 0.777188014731738,
        "recall": 0.7636022514071295,
        "f1-score": 0.7606696886760177,
        "support": 1066.0
    }
}