{
    "negative": {
        "precision": 0.8575498575498576,
        "recall": 0.5647279549718575,
        "f1-score": 0.6809954751131222,
        "support": 533.0
    },
    "positive": {
        "precision": 0.6755244755244755,
        "recall": 0.9061913696060038,
        "f1-score": 0.7740384615384616,
        "support": 533.0
    },
    "accuracy": 0.7354596622889306,
    "macro avg": {
        "precision": 0.7665371665371665,
        "recall": 0.7354596622889307,
        "f1-score": 0.7275169683257918,
        "support": 1066.0
    },
    "weighted avg": {
        "precision": 0.7665371665371665,
        "recall": 0.7354596622889306,
        "f1-score": 0.7275169683257919,
        "support": 1066.0
    }
}