{
    "negative": {
        "precision": 0.8875739644970414,
        "recall": 0.5628517823639775,
        "f1-score": 0.6888633754305397,
        "support": 533.0
    },
    "positive": {
        "precision": 0.679945054945055,
        "recall": 0.9287054409005628,
        "f1-score": 0.7850911974623315,
        "support": 533.0
    },
    "accuracy": 0.7457786116322702,
    "macro avg": {
        "precision": 0.7837595097210481,
        "recall": 0.7457786116322702,
        "f1-score": 0.7369772864464356,
        "support": 1066.0
    },
    "weighted avg": {
        "precision": 0.7837595097210481,
        "recall": 0.7457786116322702,
        "f1-score": 0.7369772864464355,
        "support": 1066.0
    }
}