{
    "negative": {
        "precision": 0.8305489260143198,
        "recall": 0.6529080675422139,
        "f1-score": 0.7310924369747899,
        "support": 533.0
    },
    "positive": {
        "precision": 0.714064914992272,
        "recall": 0.8667917448405253,
        "f1-score": 0.7830508474576271,
        "support": 533.0
    },
    "accuracy": 0.7598499061913696,
    "macro avg": {
        "precision": 0.772306920503296,
        "recall": 0.7598499061913696,
        "f1-score": 0.7570716422162085,
        "support": 1066.0
    },
    "weighted avg": {
        "precision": 0.7723069205032959,
        "recall": 0.7598499061913696,
        "f1-score": 0.7570716422162085,
        "support": 1066.0
    }
}