{
    "negative": {
        "precision": 0.8583106267029973,
        "recall": 0.5909943714821764,
        "f1-score": 0.7,
        "support": 533.0
    },
    "positive": {
        "precision": 0.6881258941344778,
        "recall": 0.9024390243902439,
        "f1-score": 0.7808441558441559,
        "support": 533.0
    },
    "accuracy": 0.7467166979362101,
    "macro avg": {
        "precision": 0.7732182604187375,
        "recall": 0.7467166979362101,
        "f1-score": 0.7404220779220779,
        "support": 1066.0
    },
    "weighted avg": {
        "precision": 0.7732182604187375,
        "recall": 0.7467166979362101,
        "f1-score": 0.7404220779220778,
        "support": 1066.0
    }
}