{
    "negative": {
        "precision": 0.8213457076566125,
        "recall": 0.6641651031894934,
        "f1-score": 0.7344398340248963,
        "support": 533.0
    },
    "positive": {
        "precision": 0.7181102362204724,
        "recall": 0.8555347091932458,
        "f1-score": 0.7808219178082192,
        "support": 533.0
    },
    "accuracy": 0.7598499061913696,
    "macro avg": {
        "precision": 0.7697279719385425,
        "recall": 0.7598499061913696,
        "f1-score": 0.7576308759165578,
        "support": 1066.0
    },
    "weighted avg": {
        "precision": 0.7697279719385425,
        "recall": 0.7598499061913696,
        "f1-score": 0.7576308759165578,
        "support": 1066.0
    }
}