{
    "negative": {
        "precision": 0.7798507462686567,
        "recall": 0.7842401500938087,
        "f1-score": 0.7820392890551918,
        "support": 533.0
    },
    "positive": {
        "precision": 0.7830188679245284,
        "recall": 0.7786116322701688,
        "f1-score": 0.7808090310442145,
        "support": 533.0
    },
    "accuracy": 0.7814258911819888,
    "macro avg": {
        "precision": 0.7814348070965925,
        "recall": 0.7814258911819887,
        "f1-score": 0.7814241600497032,
        "support": 1066.0
    },
    "weighted avg": {
        "precision": 0.7814348070965925,
        "recall": 0.7814258911819888,
        "f1-score": 0.7814241600497032,
        "support": 1066.0
    }
}