{
    "negative": {
        "precision": 0.8253275109170306,
        "recall": 0.7091932457786116,
        "f1-score": 0.7628657921291625,
        "support": 533.0
    },
    "positive": {
        "precision": 0.7450657894736842,
        "recall": 0.849906191369606,
        "f1-score": 0.7940403155127082,
        "support": 533.0
    },
    "accuracy": 0.7795497185741088,
    "macro avg": {
        "precision": 0.7851966501953573,
        "recall": 0.7795497185741088,
        "f1-score": 0.7784530538209353,
        "support": 1066.0
    },
    "weighted avg": {
        "precision": 0.7851966501953573,
        "recall": 0.7795497185741088,
        "f1-score": 0.7784530538209353,
        "support": 1066.0
    }
}