{
    "negative": {
        "precision": 0.7937384898710865,
        "recall": 0.8086303939962477,
        "f1-score": 0.8011152416356877,
        "support": 533.0
    },
    "positive": {
        "precision": 0.8049713193116634,
        "recall": 0.7898686679174484,
        "f1-score": 0.7973484848484849,
        "support": 533.0
    },
    "accuracy": 0.799249530956848,
    "macro avg": {
        "precision": 0.799354904591375,
        "recall": 0.799249530956848,
        "f1-score": 0.7992318632420863,
        "support": 1066.0
    },
    "weighted avg": {
        "precision": 0.7993549045913749,
        "recall": 0.799249530956848,
        "f1-score": 0.7992318632420862,
        "support": 1066.0
    }
}