{
    "negative": {
        "precision": 0.6912568306010929,
        "recall": 0.949343339587242,
        "f1-score": 0.8,
        "support": 533.0
    },
    "positive": {
        "precision": 0.9191616766467066,
        "recall": 0.575984990619137,
        "f1-score": 0.7081891580161477,
        "support": 533.0
    },
    "accuracy": 0.7626641651031895,
    "macro avg": {
        "precision": 0.8052092536238997,
        "recall": 0.7626641651031896,
        "f1-score": 0.7540945790080739,
        "support": 1066.0
    },
    "weighted avg": {
        "precision": 0.8052092536238996,
        "recall": 0.7626641651031895,
        "f1-score": 0.7540945790080739,
        "support": 1066.0
    }
}