{
    "negative": {
        "precision": 0.7123076923076923,
        "recall": 0.8686679174484052,
        "f1-score": 0.7827557058326289,
        "support": 533.0
    },
    "positive": {
        "precision": 0.8317307692307693,
        "recall": 0.649155722326454,
        "f1-score": 0.7291886195995785,
        "support": 533.0
    },
    "accuracy": 0.7589118198874296,
    "macro avg": {
        "precision": 0.7720192307692308,
        "recall": 0.7589118198874296,
        "f1-score": 0.7559721627161037,
        "support": 1066.0
    },
    "weighted avg": {
        "precision": 0.7720192307692308,
        "recall": 0.7589118198874296,
        "f1-score": 0.7559721627161036,
        "support": 1066.0
    }
}