{
    "negative": {
        "precision": 0.6904422253922967,
        "recall": 0.9080675422138836,
        "f1-score": 0.7844408427876823,
        "support": 533.0
    },
    "positive": {
        "precision": 0.8657534246575342,
        "recall": 0.5928705440900562,
        "f1-score": 0.7037861915367484,
        "support": 533.0
    },
    "accuracy": 0.7504690431519699,
    "macro avg": {
        "precision": 0.7780978250249155,
        "recall": 0.7504690431519699,
        "f1-score": 0.7441135171622153,
        "support": 1066.0
    },
    "weighted avg": {
        "precision": 0.7780978250249154,
        "recall": 0.7504690431519699,
        "f1-score": 0.7441135171622154,
        "support": 1066.0
    }
}