{
    "negative": {
        "precision": 0.6887686062246279,
        "recall": 0.9549718574108818,
        "f1-score": 0.800314465408805,
        "support": 533.0
    },
    "positive": {
        "precision": 0.926605504587156,
        "recall": 0.5684803001876173,
        "f1-score": 0.7046511627906977,
        "support": 533.0
    },
    "accuracy": 0.7617260787992496,
    "macro avg": {
        "precision": 0.8076870554058919,
        "recall": 0.7617260787992495,
        "f1-score": 0.7524828140997514,
        "support": 1066.0
    },
    "weighted avg": {
        "precision": 0.8076870554058918,
        "recall": 0.7617260787992496,
        "f1-score": 0.7524828140997514,
        "support": 1066.0
    }
}