{
    "negative": {
        "precision": 0.7136150234741784,
        "recall": 0.8555347091932458,
        "f1-score": 0.7781569965870307,
        "support": 533.0
    },
    "positive": {
        "precision": 0.819672131147541,
        "recall": 0.6566604127579737,
        "f1-score": 0.7291666666666666,
        "support": 533.0
    },
    "accuracy": 0.7560975609756098,
    "macro avg": {
        "precision": 0.7666435773108597,
        "recall": 0.7560975609756098,
        "f1-score": 0.7536618316268486,
        "support": 1066.0
    },
    "weighted avg": {
        "precision": 0.7666435773108596,
        "recall": 0.7560975609756098,
        "f1-score": 0.7536618316268486,
        "support": 1066.0
    }
}