{
    "negative": {
        "precision": 0.7290015847860539,
        "recall": 0.8630393996247655,
        "f1-score": 0.7903780068728522,
        "support": 533.0
    },
    "positive": {
        "precision": 0.832183908045977,
        "recall": 0.6791744840525328,
        "f1-score": 0.7479338842975206,
        "support": 533.0
    },
    "accuracy": 0.7711069418386491,
    "macro avg": {
        "precision": 0.7805927464160154,
        "recall": 0.7711069418386491,
        "f1-score": 0.7691559455851864,
        "support": 1066.0
    },
    "weighted avg": {
        "precision": 0.7805927464160154,
        "recall": 0.7711069418386491,
        "f1-score": 0.7691559455851864,
        "support": 1066.0
    }
}