{
    "negative": {
        "precision": 0.7077625570776256,
        "recall": 0.8724202626641651,
        "f1-score": 0.7815126050420168,
        "support": 533.0
    },
    "positive": {
        "precision": 0.8337408312958435,
        "recall": 0.6397748592870544,
        "f1-score": 0.7239915074309978,
        "support": 533.0
    },
    "accuracy": 0.7560975609756098,
    "macro avg": {
        "precision": 0.7707516941867345,
        "recall": 0.7560975609756098,
        "f1-score": 0.7527520562365073,
        "support": 1066.0
    },
    "weighted avg": {
        "precision": 0.7707516941867346,
        "recall": 0.7560975609756098,
        "f1-score": 0.7527520562365073,
        "support": 1066.0
    }
}