{
    "negative": {
        "precision": 0.7027027027027027,
        "recall": 0.7317073170731707,
        "f1-score": 0.7169117647058824,
        "support": 533.0
    },
    "positive": {
        "precision": 0.7201565557729941,
        "recall": 0.6904315196998124,
        "f1-score": 0.7049808429118773,
        "support": 533.0
    },
    "accuracy": 0.7110694183864915,
    "macro avg": {
        "precision": 0.7114296292378484,
        "recall": 0.7110694183864916,
        "f1-score": 0.7109463038088799,
        "support": 1066.0
    },
    "weighted avg": {
        "precision": 0.7114296292378485,
        "recall": 0.7110694183864915,
        "f1-score": 0.7109463038088799,
        "support": 1066.0
    }
}