{
    "negative": {
        "precision": 0.7391304347826086,
        "recall": 0.7335834896810507,
        "f1-score": 0.736346516007533,
        "support": 533.0
    },
    "positive": {
        "precision": 0.7355679702048417,
        "recall": 0.7410881801125704,
        "f1-score": 0.7383177570093458,
        "support": 533.0
    },
    "accuracy": 0.7373358348968105,
    "macro avg": {
        "precision": 0.7373492024937252,
        "recall": 0.7373358348968105,
        "f1-score": 0.7373321365084393,
        "support": 1066.0
    },
    "weighted avg": {
        "precision": 0.7373492024937252,
        "recall": 0.7373358348968105,
        "f1-score": 0.7373321365084394,
        "support": 1066.0
    }
}