{
    "negative": {
        "precision": 0.8036175710594315,
        "recall": 0.5834896810506567,
        "f1-score": 0.6760869565217391,
        "support": 533.0
    },
    "positive": {
        "precision": 0.6730486008836525,
        "recall": 0.8574108818011257,
        "f1-score": 0.7541254125412541,
        "support": 533.0
    },
    "accuracy": 0.7204502814258912,
    "macro avg": {
        "precision": 0.738333085971542,
        "recall": 0.7204502814258912,
        "f1-score": 0.7151061845314965,
        "support": 1066.0
    },
    "weighted avg": {
        "precision": 0.738333085971542,
        "recall": 0.7204502814258912,
        "f1-score": 0.7151061845314965,
        "support": 1066.0
    }
}