{
    "negative": {
        "precision": 0.8461538461538461,
        "recall": 0.3921200750469043,
        "f1-score": 0.5358974358974359,
        "support": 533.0
    },
    "positive": {
        "precision": 0.6043956043956044,
        "recall": 0.9287054409005628,
        "f1-score": 0.7322485207100592,
        "support": 533.0
    },
    "accuracy": 0.6604127579737336,
    "macro avg": {
        "precision": 0.7252747252747253,
        "recall": 0.6604127579737336,
        "f1-score": 0.6340729783037475,
        "support": 1066.0
    },
    "weighted avg": {
        "precision": 0.7252747252747253,
        "recall": 0.6604127579737336,
        "f1-score": 0.6340729783037475,
        "support": 1066.0
    }
}