{
    "negative": {
        "precision": 0.8015665796344648,
        "recall": 0.575984990619137,
        "f1-score": 0.6703056768558951,
        "support": 533.0
    },
    "positive": {
        "precision": 0.6691068814055637,
        "recall": 0.8574108818011257,
        "f1-score": 0.7516447368421053,
        "support": 533.0
    },
    "accuracy": 0.7166979362101313,
    "macro avg": {
        "precision": 0.7353367305200142,
        "recall": 0.7166979362101313,
        "f1-score": 0.7109752068490003,
        "support": 1066.0
    },
    "weighted avg": {
        "precision": 0.7353367305200142,
        "recall": 0.7166979362101313,
        "f1-score": 0.7109752068490003,
        "support": 1066.0
    }
}