{
    "negative": {
        "precision": 0.808,
        "recall": 0.5684803001876173,
        "f1-score": 0.6674008810572687,
        "support": 533.0
    },
    "positive": {
        "precision": 0.6671490593342981,
        "recall": 0.8649155722326454,
        "f1-score": 0.7532679738562091,
        "support": 533.0
    },
    "accuracy": 0.7166979362101313,
    "macro avg": {
        "precision": 0.7375745296671491,
        "recall": 0.7166979362101313,
        "f1-score": 0.7103344274567389,
        "support": 1066.0
    },
    "weighted avg": {
        "precision": 0.7375745296671491,
        "recall": 0.7166979362101313,
        "f1-score": 0.7103344274567389,
        "support": 1066.0
    }
}