{
    "negative": {
        "precision": 0.8042328042328042,
        "recall": 0.5703564727954972,
        "f1-score": 0.6673984632272228,
        "support": 533.0
    },
    "positive": {
        "precision": 0.6671511627906976,
        "recall": 0.8611632270168855,
        "f1-score": 0.7518427518427518,
        "support": 533.0
    },
    "accuracy": 0.7157598499061913,
    "macro avg": {
        "precision": 0.7356919835117509,
        "recall": 0.7157598499061913,
        "f1-score": 0.7096206075349873,
        "support": 1066.0
    },
    "weighted avg": {
        "precision": 0.7356919835117509,
        "recall": 0.7157598499061913,
        "f1-score": 0.7096206075349873,
        "support": 1066.0
    }
}