{
    "negative": {
        "precision": 0.9310344827586207,
        "recall": 0.05065666041275797,
        "f1-score": 0.09608540925266904,
        "support": 533.0
    },
    "positive": {
        "precision": 0.5120540019286403,
        "recall": 0.9962476547842402,
        "f1-score": 0.6764331210191082,
        "support": 533.0
    },
    "accuracy": 0.5234521575984991,
    "macro avg": {
        "precision": 0.7215442423436305,
        "recall": 0.5234521575984991,
        "f1-score": 0.38625926513588865,
        "support": 1066.0
    },
    "weighted avg": {
        "precision": 0.7215442423436305,
        "recall": 0.5234521575984991,
        "f1-score": 0.38625926513588865,
        "support": 1066.0
    }
}