{
    "negative": {
        "precision": 0.8222811671087533,
        "recall": 0.5816135084427767,
        "f1-score": 0.6813186813186813,
        "support": 533.0
    },
    "positive": {
        "precision": 0.6763425253991292,
        "recall": 0.874296435272045,
        "f1-score": 0.762684124386252,
        "support": 533.0
    },
    "accuracy": 0.7279549718574109,
    "macro avg": {
        "precision": 0.7493118462539412,
        "recall": 0.7279549718574109,
        "f1-score": 0.7220014028524666,
        "support": 1066.0
    },
    "weighted avg": {
        "precision": 0.7493118462539412,
        "recall": 0.7279549718574109,
        "f1-score": 0.7220014028524667,
        "support": 1066.0
    }
}