{
    "negative": {
        "precision": 0.7838345864661654,
        "recall": 0.7823639774859287,
        "f1-score": 0.7830985915492957,
        "support": 533.0
    },
    "positive": {
        "precision": 0.7827715355805244,
        "recall": 0.7842401500938087,
        "f1-score": 0.7835051546391752,
        "support": 533.0
    },
    "accuracy": 0.7833020637898687,
    "macro avg": {
        "precision": 0.7833030610233449,
        "recall": 0.7833020637898687,
        "f1-score": 0.7833018730942355,
        "support": 1066.0
    },
    "weighted avg": {
        "precision": 0.7833030610233449,
        "recall": 0.7833020637898687,
        "f1-score": 0.7833018730942354,
        "support": 1066.0
    }
}