{
    "negative": {
        "precision": 0.6764275256222547,
        "recall": 0.8667917448405253,
        "f1-score": 0.7598684210526315,
        "support": 533.0
    },
    "positive": {
        "precision": 0.814621409921671,
        "recall": 0.5853658536585366,
        "f1-score": 0.6812227074235808,
        "support": 533.0
    },
    "accuracy": 0.726078799249531,
    "macro avg": {
        "precision": 0.7455244677719628,
        "recall": 0.726078799249531,
        "f1-score": 0.7205455642381062,
        "support": 1066.0
    },
    "weighted avg": {
        "precision": 0.7455244677719629,
        "recall": 0.726078799249531,
        "f1-score": 0.7205455642381061,
        "support": 1066.0
    }
}