{
    "negative": {
        "precision": 0.6845238095238095,
        "recall": 0.8630393996247655,
        "f1-score": 0.7634854771784232,
        "support": 533.0
    },
    "positive": {
        "precision": 0.8147208121827412,
        "recall": 0.6022514071294559,
        "f1-score": 0.6925566343042071,
        "support": 533.0
    },
    "accuracy": 0.7326454033771107,
    "macro avg": {
        "precision": 0.7496223108532754,
        "recall": 0.7326454033771107,
        "f1-score": 0.7280210557413151,
        "support": 1066.0
    },
    "weighted avg": {
        "precision": 0.7496223108532754,
        "recall": 0.7326454033771107,
        "f1-score": 0.728021055741315,
        "support": 1066.0
    }
}