{
    "negative": {
        "precision": 0.6848306332842415,
        "recall": 0.8724202626641651,
        "f1-score": 0.7673267326732673,
        "support": 533.0
    },
    "positive": {
        "precision": 0.8242894056847545,
        "recall": 0.5984990619136961,
        "f1-score": 0.6934782608695652,
        "support": 533.0
    },
    "accuracy": 0.7354596622889306,
    "macro avg": {
        "precision": 0.754560019484498,
        "recall": 0.7354596622889306,
        "f1-score": 0.7304024967714162,
        "support": 1066.0
    },
    "weighted avg": {
        "precision": 0.7545600194844981,
        "recall": 0.7354596622889306,
        "f1-score": 0.7304024967714163,
        "support": 1066.0
    }
}