{
    "negative": {
        "precision": 0.6152897657213316,
        "recall": 0.9362101313320825,
        "f1-score": 0.7425595238095238,
        "support": 533.0
    },
    "positive": {
        "precision": 0.8666666666666667,
        "recall": 0.4146341463414634,
        "f1-score": 0.5609137055837563,
        "support": 533.0
    },
    "accuracy": 0.6754221388367729,
    "macro avg": {
        "precision": 0.7409782161939992,
        "recall": 0.6754221388367729,
        "f1-score": 0.6517366146966401,
        "support": 1066.0
    },
    "weighted avg": {
        "precision": 0.7409782161939992,
        "recall": 0.6754221388367729,
        "f1-score": 0.6517366146966401,
        "support": 1066.0
    }
}