{
    "negative": {
        "precision": 0.7210216110019646,
        "recall": 0.6885553470919324,
        "f1-score": 0.7044145873320538,
        "support": 533.0
    },
    "positive": {
        "precision": 0.7019748653500898,
        "recall": 0.7335834896810507,
        "f1-score": 0.7174311926605504,
        "support": 533.0
    },
    "accuracy": 0.7110694183864915,
    "macro avg": {
        "precision": 0.7114982381760272,
        "recall": 0.7110694183864916,
        "f1-score": 0.710922889996302,
        "support": 1066.0
    },
    "weighted avg": {
        "precision": 0.7114982381760273,
        "recall": 0.7110694183864915,
        "f1-score": 0.710922889996302,
        "support": 1066.0
    }
}