{
    "negative": {
        "precision": 0.6734104046242775,
        "recall": 0.874296435272045,
        "f1-score": 0.7608163265306123,
        "support": 533.0
    },
    "positive": {
        "precision": 0.820855614973262,
        "recall": 0.575984990619137,
        "f1-score": 0.6769570011025359,
        "support": 533.0
    },
    "accuracy": 0.725140712945591,
    "macro avg": {
        "precision": 0.7471330097987697,
        "recall": 0.725140712945591,
        "f1-score": 0.7188866638165741,
        "support": 1066.0
    },
    "weighted avg": {
        "precision": 0.7471330097987697,
        "recall": 0.725140712945591,
        "f1-score": 0.7188866638165741,
        "support": 1066.0
    }
}