{
    "negative": {
        "precision": 0.6734397677793904,
        "recall": 0.8705440900562852,
        "f1-score": 0.7594108019639935,
        "support": 533.0
    },
    "positive": {
        "precision": 0.8169761273209549,
        "recall": 0.5778611632270169,
        "f1-score": 0.676923076923077,
        "support": 533.0
    },
    "accuracy": 0.724202626641651,
    "macro avg": {
        "precision": 0.7452079475501727,
        "recall": 0.724202626641651,
        "f1-score": 0.7181669394435353,
        "support": 1066.0
    },
    "weighted avg": {
        "precision": 0.7452079475501726,
        "recall": 0.724202626641651,
        "f1-score": 0.7181669394435352,
        "support": 1066.0
    }
}