{
    "negative": {
        "precision": 0.5194931773879142,
        "recall": 1.0,
        "f1-score": 0.6837716484926235,
        "support": 533.0
    },
    "positive": {
        "precision": 1.0,
        "recall": 0.075046904315197,
        "f1-score": 0.13961605584642234,
        "support": 533.0
    },
    "accuracy": 0.5375234521575984,
    "macro avg": {
        "precision": 0.7597465886939572,
        "recall": 0.5375234521575984,
        "f1-score": 0.4116938521695229,
        "support": 1066.0
    },
    "weighted avg": {
        "precision": 0.7597465886939572,
        "recall": 0.5375234521575984,
        "f1-score": 0.41169385216952287,
        "support": 1066.0
    }
}